{
    "rmse": 2.1201255976737308,
    "mae": 1.7041557423170688,
    "r2": 0.8140080407810355
}