{
    "rmse": 2.124673834136086,
    "mae": 1.7046612930557816,
    "r2": 0.8132091798169399
}